PC1,PC2,PC3,PC4,PC5,PC6,PC7,PC8,PC9,PC10,PC11,PC12,PC13,PC14,PC15,PC16,PC17,PC18,PC19,PC20,label
-0.0574137559943948,0.09562938903651658,-0.17167641537620001,0.16164278052020856,0.03366912265217797,0.04897939580217305,0.1010238952843351,0.05980816980603244,-0.1567376739562219,-0.0491317153504311,-0.04385831692350296,-0.022002034994273976,-0.008604478041601193,0.08361069634608598,-0.05899498714012418,0.03387403091313246,0.05675383747277935,-0.002383698999689161,0.04564113052353602,-0.010145309045230531,1
-0.07672590114365005,0.15022437176834477,-0.23777331239956245,0.23828322247896117,0.059010830196306166,0.1248637175065434,0.10374581244510164,0.08134096660530969,-0.19867722407797625,-0.04628188427681416,-0.09365926639542035,0.009810091061931207,0.032568839650745654,0.11851846254376082,-0.1066558638388675,0.011587671805531755,0.0369909857995696,0.05267809797450685,0.030311940489560242,0.022263326983330195,1
-0.07656149287749653,0.10859719042258568,-0.19287589362022797,0.30249152969230925,0.1985413649309557,0.1289577433449693,0.0661074694078176,-0.00019039279185575843,-0.10798729872725438,0.008876507881999729,-0.09115921291550122,0.05521409689715641,-0.021138269473484392,0.03812888000259799,-0.13031786123838046,-0.020779637561983186,-0.01670999252877717,0.016829583579310563,0.019025583672925762,0.024698432424833314,1
0.4660702854590172,-0.12528809851999456,-0.011198689209988049,0.013308202364614333,0.012500889920519847,0.027687071113807624,-0.0015632364559484129,0.01108237855057923,-0.022675749017047248,-0.015767651501923965,-0.11493847011892884,-0.013818898630496023,0.05029172891559699,-0.04005656052627777,0.010424716450749669,-0.012523370720738983,-0.0017975032181610927,-0.03094927199676536,-0.05160917935227252,-0.002361410824423692,1
-0.019446847633756693,0.1099670100230231,-0.03580968398319032,0.04036752930636679,-0.005350115128267549,-0.0067189379095106,0.019212544875461684,0.039092241046060454,0.0018460045351738096,0.0062158612344549525,0.025481039478854543,-0.008040850617107027,0.017792642703209828,-0.06259071521802717,0.2347589615375715,0.039940292743171554,-0.07737758213854308,-0.11786738014440909,-0.09612037323033976,-8.583184305480357e-05,1
0.054542381745510383,0.022549068979560435,0.007097392338494358,0.031334912603995985,-0.01688161455078058,0.006211407362213126,-0.019574685675682147,-0.027252561406513585,0.039182845439580574,0.026789128639782982,0.15087439738580738,0.034626212390909065,-0.028077229484749916,-0.03777659303030233,-0.03774958249055097,-0.015410311664215534,-0.040959683683751476,-0.0684611921213905,-0.03078647771909541,-0.10812299243499728,1
0.06988479027819645,0.4693591261420002,0.21762460283336812,-0.1769172995597093,0.031031822910886957,0.0067567870366179285,-0.11083751930762654,-0.08548003892962477,-0.10293258632580886,-0.0208321798280016,0.01090753694515383,-0.014497261568645461,0.0048345943393997325,0.025887950121126015,0.018138434677499846,-0.02532076918909743,0.00434316416145963,-0.013958465586256127,0.0473289256324508,0.00728787426014613,1
-0.032101376836069374,0.04369015365010119,-0.09021263875739578,0.04278565718376761,-0.03199666586593504,-0.07779569276326206,-0.09748452022350991,-0.11769210272657983,0.05835251374114031,0.033659329172911395,0.0009420536592909638,0.0053258975367287,-0.10006528251937101,-0.014158090804913178,-0.03727633152732007,0.02537658786600633,-0.03425731334631361,-0.0690351102729344,-0.024631971225486146,-0.11717451553139788,1
0.01051263123809841,0.0004508220582725428,-0.1010305985764156,0.06618604973240802,-0.03242864643871594,-0.05774012818239007,-0.18147919246858654,-0.13953876274247856,0.1060052700247606,0.0534344849897767,-0.05358018792945984,-0.03255529019241681,-0.0621524141133976,0.01579506745542495,-0.09224955526063702,0.08165572978718819,-0.12115971388683312,-0.020586003828910432,-0.17483702753442773,-0.0671734539781597,1
-0.08041049543807223,0.11837042108292453,-0.2380666562742593,0.2927819469744633,0.08640411223035238,0.07376127291696667,-0.049403649518331594,0.005525754962048108,-0.06944530294742453,-0.017133080160047918,-0.09822080521641142,0.04190805065402626,0.06026860353745211,-0.0031229279616739273,-0.121924481560118,-0.058436193711647606,0.025659106442180973,0.08944956141745854,-0.02590383974115007,0.06686406512078329,1
-0.022033327039174048,0.08985356501925137,-0.06382053083710769,0.07155256143021832,-0.0076547169129978585,0.00019398160123814632,-0.009403276593817364,0.017638519205260113,0.03103947951939669,0.013612161249540894,0.027614486136708714,0.007107342625240296,0.033702248929485944,-0.07544934496839169,0.23015550411464125,0.059826115034039666,-0.10216993738365512,-0.11144421985067081,-0.1262343974545857,-0.004222372882855191,1
-0.0314070366326826,0.20159788793929379,-0.20376349316347092,0.27850469442385983,0.04226832573139123,0.1020575498165619,0.20356047856078535,0.11888205880674917,-0.2589108930518375,-0.05396740996195392,0.004027867017548557,-0.046394456921847904,0.001454279709594669,0.023556966809892263,-0.06534184772751526,0.030205532149536796,0.08525375903152604,-0.037544326833097004,0.055871807629214516,-0.04297361302526213,1
0.01077777080135164,-0.011667060169536225,-0.13513136672386286,0.09740725616325338,-0.04525444960790556,-0.07436035504584654,-0.20842839657604587,-0.145284489456023,0.12973846750365547,0.08414284490426699,0.006307759121612732,-0.06931630869691902,-0.10747709421863254,0.030976661574557116,0.06627619762583385,-0.12923667316915174,0.09786779255342516,0.0021911149977420327,0.3083134374481619,0.11774120333575966,1
-0.0007307730014085768,0.24516754810466304,-0.1205455570823785,0.26490618287311113,0.046785333819769515,0.15294132036204586,0.12861303053863793,0.11055428035492997,-0.20320387638930626,-0.020871164913671046,-0.010688411439099358,-0.015211662097781105,0.029136172606242208,0.0044552024438468596,0.03252186848913671,0.005267510850149153,0.023085184951257786,0.008564493047822603,-0.021880981807045428,0.0030325731466341486,1
-0.029255143850680843,0.2218081389831214,-0.15377948153782506,0.2745454705409316,0.015367906910798966,0.1412844857598405,0.19149232580017123,0.1473065795355654,-0.1006230342957441,0.0020246675754218724,0.01928958870574857,0.01260325150019919,0.04255997881472112,-0.0023470401429900156,0.1050047281245065,0.022321237075084596,-0.03472423398532637,0.03195918952893802,-0.001374433035007044,0.02508727442834406,1
-0.002057736027821332,0.13910767443560493,-0.12465394490886618,0.19014439846062964,0.07481136564833886,0.11241799442015492,0.12761782430123983,0.09186779085000578,-0.08600914770714888,-0.0006996260226479957,0.006330890067218877,0.013336432053007443,0.004300049865720412,0.012198939319062628,0.056081552171844275,-0.02191343119175727,-0.0718766987639203,0.018426814921813882,-0.058499458283607066,-0.002964274332622759,1
0.2490358282367866,-0.034864929645914824,0.013121529491139155,0.03725720948085785,-0.016985894582878282,-0.03463810001864292,0.05918908698566655,-0.00819969798814382,0.04575860511277674,0.0976154440708602,0.6065806702355558,0.09244547484702327,0.016370276653848756,0.051185664941739775,-0.15735165734728115,-0.08337310310252011,0.011442050418970142,0.07349459347563388,-0.031770877978437785,0.059385305799970756,1
-0.04577957977892927,0.1399156776807822,-0.10284932071729758,0.14843294467634088,-0.013039600837173886,0.061280000473185554,-0.046554836191701254,-0.05373859444145267,-0.008157459767066139,0.07013635644963244,0.04680258306954611,-0.032875875765795474,-0.023527023758115943,-0.10582698867900744,0.09457328828745822,-0.011656339213369433,0.125763333961319,0.016088940145146016,0.03425657416361794,7.812269571611953e-05,1
-0.019751421845291727,0.0767917858429644,-0.08519766060045879,0.08013033106309514,0.0013504680963314084,-0.002592237112029003,-0.06141450094174894,-0.06143261547490202,0.029493005271694895,0.05435288222861377,0.02411339842110662,0.0056892341257374565,-0.05949465717454091,-0.03440018839091008,0.09769778305967367,-0.001486511340515466,0.08770184859914698,-0.053986348795693355,-0.006057994767940299,-0.028327635494836034,1
-0.03386766505510905,0.045528660674873336,-0.12722716469580608,0.13956385567045246,-0.02643516015193223,-0.013135040310461492,-0.1875418865692462,-0.10695600683383047,0.07278740480067593,0.06295067811425356,-0.030294071267393422,-0.06696184549253914,-0.07422212700087136,-0.004561985257668453,0.02455975239296876,-0.03640612545628299,0.050107529515005224,0.050804262309090326,0.068547711989497,-0.02901887383525529,1
0.058332482812577496,0.44923249107133706,0.2496587228164003,-0.2001651776440448,0.029443494864300968,0.00045427087174542693,-0.1276828575973249,-0.08698182688538704,-0.07347780152101513,-0.004063194816364993,-0.001375595293904878,-0.010744850446213632,-0.016050645501488083,0.013845810963279012,-0.00848597228120541,0.03250910088389427,0.07391306969620284,0.013601478036978842,0.0349003237553285,-0.03259530634737483,1
0.07584711393462011,0.01707688887274466,0.01244128263257992,0.014999302472187621,-0.023458046001219503,-0.030320429847757898,-0.018487883759625134,-0.021049326050642143,0.043277286278503614,0.04004263455295766,0.12960295214866768,-0.004799456047271285,-0.024622079844595877,-0.0014034148206597081,-0.029583792667018268,0.008716416328339922,-0.020345870164840026,-0.0312751950205605,-0.042099256192071936,-0.08169961362644607,1
0.47221167362221994,-0.1329949103684415,-0.0035879660137726637,0.0019874318663941266,0.01706728928601938,0.020816798888954616,-0.009016826884262358,0.024664783111722707,-0.0214639470103011,-0.028196415682814543,-0.0947636221388962,-0.01007569436290298,0.028679054305885552,0.0009819875263532983,0.01280980317512243,-0.02284484046288631,0.014225020399800828,-0.03563333414931858,-0.0025214717648419233,0.005099821006425767,1
0.14200317080107522,-0.08148792961423762,-0.008609112055533236,-0.013177020847906538,-0.02770143102865498,-0.03847206967665778,0.005299959569505627,-0.004904968914841004,-0.03386689692695955,-0.032064280020454194,-0.10639726173460685,-0.017942366583667206,-0.007458876912160057,0.01738227117473074,-0.03858968639151987,0.04396091833444447,-0.05547308299217879,0.08547615068134626,-0.03782511666306046,0.0028455212742842283,1
0.2632162101434144,-0.04178170261573295,0.03198975737522555,0.013392586793355437,-0.005659046585305641,-0.014844272766422363,0.021099382306110737,0.007935979578786093,0.05747647651580557,0.01803194788182315,0.2017687488780153,0.048600484815945776,-0.014613764456385752,0.06490651772451474,-0.059195036875695474,0.002354091017843956,0.03322622829287074,0.006281940359832757,0.07289427957152322,-0.05516242154178112,1
0.07498768960191665,0.369088579485278,0.174667912065328,-0.1383348525881128,0.01210381701887936,-0.0038362108357482697,-0.09795143446243233,-0.07397393176328793,-0.0942900543897482,0.0008946277615228793,-0.0017892824732545786,-0.00984863822771408,0.0016586492031126355,-0.0017619368289499336,0.007613685937766256,-0.019263854394736338,-0.01519926445241949,-0.00870916345859293,-0.008838019425783897,-0.009193798306967276,1
-0.04620289165353287,0.00503463453478471,-0.1182113879440324,0.08608968761677017,-0.033517568483976024,-0.0937120738757361,-0.1675648076269633,-0.12744518825377515,0.10719617047681425,0.07874496241343128,-0.0040973436129479466,-0.028445237643533475,-0.09138662489171592,0.016288017171361194,0.026464818763788655,-0.12852068378562037,0.08149615676192525,-0.008683389455521174,0.2905437854828734,0.14468714423970475,1
-0.0782842025377329,-0.05334956817539417,-0.09103580486856541,-0.09381688103428257,-0.07260186504284966,-0.24391296777206986,0.12350807018558246,-0.11271317628375585,-0.0664435503490843,-0.07013463908101863,-0.04396843121267389,-0.026372730061923418,-0.052265156349075595,0.20776568304570206,0.01910712020210114,-0.06798579789240715,-0.029061720399649816,0.03997332309791621,0.023745487200642363,0.10354482969442994,1
0.239157556390967,-0.01481545715205762,0.01119663660517731,0.05156402710463597,-0.01543580910171488,-0.012863504555415683,0.05882845158270151,0.019005201899655922,0.04608432100444436,0.04114327420210228,0.29670992573268595,0.06710070900740717,0.0015260125553554088,0.022636050171572452,-0.1005306185002773,0.006716635035934967,0.0605035691356192,0.00143176129852761,0.08446900341385874,-0.03309742429852595,1
0.17524711597324935,-0.012375635150635772,0.022333996149725883,0.03367224422636918,-0.026511865629343493,-0.0479016847783755,0.04913280906232862,-0.02933043482896807,0.06331657931420874,0.09117371027594603,0.6113482808782804,0.07914313374344481,0.015412783997391646,0.03305342706456779,-0.15838040263203462,-0.09339018020788825,0.004147887283262842,0.0717147103568392,-0.04722797004497329,0.0494498988551991,1
0.1701337001226657,-0.07577678367281665,-0.0438143617907278,0.014722309649830864,-0.02011235814838943,-0.010506743501336586,-0.011890619992309477,-0.012714773674608706,-0.001077914960592897,0.005718709752188596,0.043055233438762115,-0.00807512971040183,0.03807215846069314,0.04071086595522589,0.010216728953307774,-0.011895496704010598,-0.023915455750281582,0.025608365178217626,0.006897710698518729,-0.005289757650248155,1
0.5506296965789923,-0.1599711311080572,0.03200055193618758,0.003941518592298708,-0.011478331148777806,-0.001395746978036798,0.012318338998484793,-0.0032770623811339866,-0.008871198676382424,-0.008876057032708533,-0.09797346440345658,-0.02460112091979967,0.0132716841724564,-0.027364867298543386,0.025984994457530972,0.022503214445722956,0.016256365256547847,-0.06010550476355891,0.012559503158425116,-0.00875034508316307,1
0.36127506560888745,-0.1184959083178151,-0.016267671533160107,-0.012897943917842141,0.008464531022366273,0.005282722422364343,-0.0010034108645882271,-0.0041193548545584175,-0.02292582926601829,-0.01992788204367973,-0.052156957131330756,0.004302978048556006,0.005584564050544776,0.008702911486141449,0.014320285150116924,0.018775248617356324,-0.06414635255667117,0.04449630475883477,-0.0269919573972008,-0.003797573429545341,1
0.18844691716422726,-0.00803845525995747,0.017600357884623215,0.025806450838826083,-0.025409257727837295,-0.03188186393523713,0.05578133356564779,-0.018633549142382095,0.052589171178924456,0.06847137341477504,0.49879247710987135,0.0734459327946443,0.029197846485633335,0.00962012797321722,-0.11773079405093233,-0.04056973401204598,-0.021087609242884515,0.06247139467900862,-0.04228492745466218,0.031488692984207194,1
0.09251867474967818,0.5134464980823051,0.23753827896891028,-0.15754922496668636,0.04792359841008645,0.028977563063586773,-0.14112233456194828,-0.09566918285689566,-0.12922192300310503,-0.021067634341115114,-0.011954161159326853,-0.0059356291763864475,-0.004566453612528571,-0.0015194881624541487,0.005956964436065148,0.05850674700226671,0.02923484639884711,0.06907314759896015,0.023466730329268878,-0.01119611372077044,1
-0.051825952275442906,0.06060113455699787,-0.09941816810688311,0.10127813009993775,-0.008725333278694031,-0.01921277223731361,-0.11924224227286276,-0.09011696794874825,0.041412794448108727,0.06628656751399971,-0.010112049068931895,-0.03639601300412047,-0.03067316549001626,-0.05156665882284364,0.08100262921632348,-0.023787169754862905,0.14205374362810524,-0.050171453392360066,0.008279252968549968,-0.017785786027001215,1
-0.06582927795807639,0.04737612087642366,-0.18952748097857033,0.15030796370830585,0.016813172869086297,0.07954655501092839,-0.14580229478805848,-0.06579344610289817,0.03441553843809914,0.01591564776232425,-0.09277086548992505,-0.04791832974713452,-0.08026439296525485,-0.008338007287029188,-0.107792980575216,-0.0466871017728681,-0.01394449280015187,0.07677522253434078,0.011670114176403712,-0.14717829535201457,1
-0.003238321423102444,0.1946930776842652,-0.1697989734621137,0.23584380256602833,0.055418206262554684,0.14745997544503514,0.12032994534280417,0.10151411639559235,-0.17962236856959501,-0.03453148012321556,-0.03341873261824047,-0.020949109668979556,0.0425108274102875,0.04608876354387449,0.010454291987878712,0.006896582501663102,0.05326201417121612,0.03191295662163565,0.009477721436346544,0.04445667216091697,1
-0.027626114529713697,0.20219115489893583,-0.24193092579161915,0.31447148612375025,0.05280803128784981,0.1335295820639284,0.16968815792667247,0.10254474035597945,-0.2623534572877912,-0.05224315460831318,-0.006389069899342545,-0.0428602857044254,0.014699731554717203,0.029890951902566708,-0.04971995744943052,0.02893012764199809,0.06784615741035945,-0.025954352771072713,0.03433218354891702,-0.028188871588020307,1
0.03455303330715005,0.30494247043442874,0.03727253124979558,-0.011421733665714707,0.024083833144944375,0.025923525149268583,0.057668677839485594,0.008068852402119214,-0.14156061740506246,-0.048064791493565476,-0.033123278725377715,0.02750022785004203,0.01938405569359354,-0.05419270941145344,0.0014365472908225252,-0.045956573158844126,-0.03710599936355181,-0.011738202317023709,0.004483158873311292,0.03405143894046912,1
0.2180639737709227,0.055014550227072745,0.016935521995648354,0.04123579324304718,-0.02246915370332525,-0.005720439612879528,0.08590247461300875,-0.00028657911998076043,0.04488157191370946,0.07711584503627752,0.5640499212055816,0.08916168230405559,0.03367329305000502,-0.003391566210563969,-0.16104336201139766,-0.08570085755481337,-0.026780054931648017,0.047646239062823066,-0.04380720939851967,0.03640077446457397,1
0.08345234060869244,0.4899847209061979,0.23825433579251395,-0.20943396825487165,0.03772579215325651,0.021510702031962977,-0.11898006850791568,-0.08141868314314497,-0.13106901943216212,-0.03422556890976039,0.005937600289878492,-0.006286269710649636,0.010839789882258026,0.0334597225118294,-0.010468753674465515,-0.047012996338809045,-0.040120409134961864,-0.0009686572164239936,0.011317823907102755,0.029102952020944782,1
-0.012876796147472953,0.22701433155236064,-0.16756457011910206,0.24952071400002726,0.04023285002069664,0.14815073003112098,0.18482546751983903,0.10716695117360503,-0.1922612399973722,-0.01290690245746343,0.052476029532546056,0.0028682383573747803,0.0333570198975198,0.021799774107987013,0.020958153272795717,0.02197669494141137,-0.014561117146873984,-0.008371217508039706,0.023226800855874686,0.029378866408824394,1
-0.04246508477378519,0.05853363246868249,-0.04451133621334818,0.03990587437532626,-0.014878940696401331,-0.030595990852146218,-0.09045762532670247,-0.05508810363362605,0.026812307695054247,0.07338649443142824,0.008441167390763048,-0.010062989626712515,-0.06710842072186608,-0.021454450679435758,0.09000876713130768,0.0018154485199319936,0.025899764278463074,-0.08975217322261897,0.02195950698559934,-0.030185992829369193,1
-0.06856708080687139,0.09260273269064855,-0.1559218968553846,0.13506964289703843,-0.01762024222888595,-0.018220030212965317,-0.09959852666517038,-0.09058597045973295,0.029646276016501535,0.06791265816351368,-0.05653595436883276,-0.022837073061980635,-0.11862289896666894,0.043377888938041856,-0.06492990864763755,0.009189836447753242,0.016216395179304455,-0.01670971720990997,-0.015943379285278798,-0.0032712479167967775,1
0.028258056254859616,0.22004124726293856,0.10759722070567683,-0.017383134832614718,-0.052463087108384404,-0.059992174822215534,0.27015404244303737,0.28372244016504977,0.5980986182023202,-0.032789893389985766,-0.15801621785881118,-0.013356647977874779,-0.10530183705229061,0.012517458525792894,-0.09712634311262047,-0.04688438452859609,0.028742403526773673,0.04539295413180655,0.01573339828656669,0.00039592011882386895,1
0.29231218971965267,-0.0745363698292143,-0.007488636889157473,0.016642916290051272,0.007418616602854621,0.008282591718382719,0.00027863057449734074,-0.02549420274192543,-0.018657120900719127,6.868414177118933e-05,0.046313424544797165,0.009550425042763686,-0.015082848157491878,-0.021248402965468746,0.047164745956654784,0.015358126398724792,-0.045667374505027815,-0.027340531958734537,-0.005615257105001792,-0.013960498442286732,1
0.0599576139195751,0.3510119052762091,0.1152871657974593,-0.036057098936941055,0.0025928405007932804,0.024914410890539737,0.02329227625280191,0.007255209259772964,-0.08868095035883032,-0.0341517645156483,-0.03518500358714166,0.0167970507763317,0.02773748003810195,-0.03988411600611623,-0.010777544604881365,-0.07445914502313317,-0.04062878307699222,-0.016969434334612014,-0.03102795514143531,0.0316981866486768,1
-0.006591369650370839,0.25582509803642717,-0.14208768662168048,0.2543779206367431,0.02726899800085552,0.1273545543513918,0.150619968562367,0.09771432790457356,-0.19733140939033322,-0.0007043825890895684,0.0234219108588979,-0.00048211628497525074,0.056308583092114575,-0.030417336081147932,0.019809378589896766,0.017248645856028158,0.053350151860377434,-0.006956746534822688,0.03382905967669844,0.025218673719151062,1
-0.009320712612103599,-0.002494402141961501,-0.06007261798580237,0.024359244535653104,-0.030031210070189964,-0.022303141517753804,-0.012726644634986886,-0.06796957659112812,0.05205846152212245,0.022913557379079887,0.08276386550001592,-0.02685826656149472,-0.0811020681454711,0.017440406106891605,0.10943890009718926,0.024692944724440467,-0.04762463905135988,0.036896066126457135,0.06014110510782859,-0.009227941322020145,1
0.07858794782151268,0.5161470883778662,0.29111641651132153,-0.2337462871648143,0.034313698499946074,0.0031426115872881084,-0.12035466367754563,-0.07065591072007556,-0.12630598443192662,-0.049756387617739914,-0.03821447010015872,-0.02348488588580595,0.010066590276494014,0.049312635522814056,-0.02031242730346229,-0.052629793899498234,-0.02574278911867586,-0.007482909451568115,0.04567754637430774,-0.002218140777023047,1
-0.04423602433950342,0.02374595791111838,-0.12671121297875348,0.0880150307035113,-0.03883237674702533,-0.04745932365151838,-0.18963719610991517,-0.13348368123218998,0.13263606794014263,0.07953837727689793,0.011129840789502715,-0.01426759037900289,-0.1601870690814512,0.0025645741017780465,0.021655251813636395,-0.12527722282913936,0.13328133671212947,-0.06622373677285835,0.2609550564593292,0.11705556011769064,1
0.023688842498821985,0.23554725853230532,0.08895129013628589,-0.0064260174197959714,-0.04215220976440134,-0.051343024128883266,0.2782114779205979,0.28314023976471236,0.5667935040695554,-0.031128509789888868,-0.1590046672678655,-0.008878310168547744,-0.10333364587479679,-0.0057348663183042475,-0.09336699003133403,-0.04092566639767627,0.03392844873804008,0.03705507510408918,0.012249880966530494,0.016813910732995988,1
-0.058788018212448535,0.050236199905396475,-0.12875322394861904,0.06396996099488422,-0.02745164733145792,-0.013362117245789519,-0.1259123769357594,-0.1179681348785544,0.10146485023505816,0.03370587826080166,-0.03423401884289113,0.026507031211491273,-0.12034432586951248,-0.009509005407098871,-0.09343147499509086,0.021063408429179437,0.008491472306902056,-0.08740246795974585,0.05726635755097959,0.002805483877646773,1
0.5160223987880537,-0.15941425845193963,-0.023451458197751355,-0.0133135676757656,0.029249386010954732,0.04744908206398877,-0.0046681519627552685,0.02222077417118501,-0.051588650806071695,-0.047413191080730006,-0.12033542163557094,-0.0502748983969039,0.02879027360639807,0.027963974657426633,0.016922253123297256,-0.007161764337398717,-0.030916397440808464,-0.005584797334185913,-0.0393604864074974,0.008844595377590235,1
0.4823683570348631,-0.1670006062722142,-0.03928347603326651,-0.014357070614306258,0.027755917375245038,0.008625013907028368,-0.013472966407858934,-0.010963173961060689,-0.06401765253226985,-0.026554452314774487,-0.12590043304516463,-0.040439481094857475,0.004171425702648985,0.013252655917981054,0.006427077968437196,0.01173367252438823,-0.08536390761067822,0.08154308060335544,-0.06055540977650242,0.028615236066665,1
0.03803087142137582,0.19311923646184767,0.08254135147448909,-0.014169417489186514,-0.028479889000959543,-0.0383927812867007,0.17644396737522183,0.1846518050839181,0.3649765626273704,-0.03016864437280113,-0.06919861965132036,-0.021247191166055838,-0.0596551622418753,0.015022566064060973,-0.04114940188819569,-0.02432620660851186,0.03312517311235059,0.024674474039573506,0.0007431603855294548,-0.014418377264392086,1
-0.09727024087289274,0.08013884933606079,-0.2174861534971651,0.21841707063409077,0.05187521393011093,0.03555561134171927,-0.15665964964520082,-0.08984275267986673,0.02563293314587737,0.0333417648158813,-0.1036981629237755,0.02628091468374584,0.030186199420865208,-0.03811897289022294,-0.11494461926825028,-0.0643647036535767,0.019759300662656153,0.05656570458313819,-0.14475500618704112,-0.08647136191105542,1
0.02714600376490905,0.07535415286093629,0.016346811241185755,-0.031714258706578485,-0.014252091981680598,-0.05936518371698826,0.050557410813423256,-0.01766730181320244,0.03864355777801625,0.0009515176990896419,0.08632493654168771,-0.026126924441796345,-0.006203143666837348,-0.09023909900041667,-0.021797580377073748,0.10828550953515959,-0.28668186659543926,-0.020022211231590877,-0.2595893002652238,-0.0906131680975899,1
0.016559004416918027,0.23926250046696204,0.05834905826563662,-0.002725102297059671,-0.011806903683905138,-0.012006156862460204,0.13626564800798704,0.11988749055782047,0.1889943897048246,-0.01845309855827171,-0.053671176291134874,-0.028675610038974633,0.0038219279175106765,0.0009903839384370473,0.044610122620311686,0.016944391326637522,-0.01755119175110739,-0.03200980084109152,-0.017656532178731907,-0.019702481089511184,1
-0.009654116531577134,0.02357998233624064,-0.21154303940351946,0.16477990504601647,-0.043680475590558765,-0.02983904156324618,-0.28362373434170723,-0.20298669531822208,0.1420984467070468,0.07698641961161028,-0.06957430382234575,-0.05138129741514805,-0.12417800111799439,0.04412715475932428,-0.0730567189531601,-0.10696497625216653,0.11082887519752692,0.013329544516173613,0.2173908917359816,0.05745397461401741,1
0.08764445185411349,0.5507682607373057,0.2881159640030987,-0.24499047672454638,0.03628370085507624,0.01064655551850302,-0.12350194854726906,-0.08416614134390778,-0.09884179889577695,-0.05133656643023072,-0.06571048484315928,-0.01588601563512993,0.013558436472770689,0.03294263256745612,-0.04232363888165387,-0.06391371914485502,-0.020668496357401096,-0.02378863207767095,0.02516547221297634,0.01415126791567272,1
-0.07282829619382249,0.026085699290766033,-0.1927896861328899,0.16266393576066898,-0.028025930767419736,0.03904550321923908,-0.22515323584047084,-0.14337162316605434,0.11299112670476327,0.059071287337727964,-0.07755492914035794,-0.06939872817416601,-0.08444381731411794,-0.01583614646550393,-0.10140290827166493,-0.029421965888871675,-0.011801619054641794,0.08399870302799313,-0.015121204388733179,-0.16167940410074186,1
0.13822059733263015,-0.09733007219937873,-0.029006848712967114,0.023730736117201966,0.012757259342685815,-0.0031397453893579983,-0.04189869330291107,-0.07173819565306366,-0.00032771615064443093,0.015419267278997027,-0.07716102271687451,-0.006971927427030123,0.062183353369453416,-0.007173155950883279,-0.004538387319512158,-0.050237775073361426,0.0035855008477632807,0.022482282726781648,0.021344951195137588,0.0623966863912956,1
0.6283975883423382,-0.17287668251774388,0.03166683449759214,-0.009352516841169287,0.017320030746148973,0.04769455766567411,-0.017380818669239288,0.024914141764296172,-0.023230026917880026,-0.03929660101438178,-0.20127831523004772,-0.040327534615866745,-0.002889077580551379,0.010317374646975254,0.03831275433305776,0.010810781421413415,0.03263506787510708,-0.02414080230409096,0.005087650267337885,-0.035182347274883966,1
0.027931353153264026,0.23031673246903783,0.10168616329066711,-0.020120382629872802,-0.04688710679031499,-0.046315533586166434,0.26579723390614884,0.2501651579643493,0.5309586280978856,-0.024261068883821037,-0.13965542986914115,-0.008545651236854824,-0.09885987148054577,0.004883081723373661,-0.1021741264523062,-0.04725655352519213,0.022444601918861773,0.04555352329530901,0.008086229587643308,0.029839540919863697,1
0.28885685951940987,-0.1018199888598372,0.0075457460674971544,-0.010868851204546191,-0.010219929995472065,0.004155980125174858,0.006507871687163876,-0.007387262714991977,-0.021363464381465542,-0.01097704939802105,-0.013064556713130728,0.01921885135077621,0.007256269326871447,-0.018594340339240366,0.0312832473754858,0.03880122469854765,-0.0364290646609797,0.039058904215895515,-0.005550024485287441,0.04373482675860725,1
-0.022333056219409918,0.18669598587441663,-0.13395441113106799,0.20730812580846908,0.013842149120692336,0.07500998044393338,0.19870731207030515,0.15498267754002992,-0.06743805477793781,0.018006556795198865,0.04973187917403491,0.011942859893340914,0.055903798746918795,0.013239548404243682,0.16662705973447106,0.025180509144331228,-0.07530193125479905,-0.0018733030529400614,0.004349776305056202,0.023718788500102794,1
-0.06359096615599295,0.06140376390988284,-0.18152610409861702,0.11393924934234834,-0.012930989212080182,-0.03617325354599656,-0.2546199042144306,-0.1829657151847554,0.1450740054474047,0.03607082546774931,-0.11228694356289207,-0.027670839001782674,-0.14156959916701187,0.030873800959614426,-0.2677404678037467,0.13518120239795334,-0.19827973166235646,-0.03648633693640687,-0.2383870675428156,-0.17434364130616506,1
-0.06876456746984518,0.02747475473867063,-0.1465387862334988,0.08624985121759293,-0.02736076018980535,-0.05303841182047506,-0.233649740400864,-0.16865486189222917,0.14362698194186896,0.03651880145932166,-0.09856374850247172,-0.0362438959901066,-0.11368580130029642,0.015175858561804676,-0.23728570076045055,0.15231751647538389,-0.2148537951911509,-0.032509786161616594,-0.26464979090373897,-0.16001276669631745,1
-0.05599100540256151,0.019168345693318985,-0.06896283052308944,0.07257599159534919,-0.04592321604339545,-0.030070260035151525,-0.1398182028516808,-0.07662039603099365,0.06479641329736857,0.05647960987126456,0.0037399451328599042,-0.03867589459666084,-0.036255027476032306,-0.07593209027380175,0.08776055478206414,-0.032113113931663655,0.05460256164572025,0.06694106697593502,0.044343231646246636,-0.006447695398704344,1
0.09075506528861114,0.5037536791170157,0.27932583036875575,-0.23376046961339556,0.025716685712536165,-0.003792066006091709,-0.10031343264048434,-0.07589726611225765,-0.10219034694483355,-0.042027368666441106,-0.045882259852287326,-0.004054084170374399,0.028188402929353772,0.0030358278912271906,-0.01734595366045385,-0.0663885183860761,-0.04283743716555067,-0.046937451419676694,0.012003888674445606,0.02579984282859191,1
0.2711623287010593,-0.03363438462469609,0.0024968690258609237,0.004932855802605955,0.03410107109751047,0.012260588334076112,-0.020534766725790365,-0.013746479811613487,0.01035365943235013,0.00038241928239918655,-0.006331440820544188,0.02034841728473291,0.014602654476563615,-0.0061626528637998956,0.0003974467108450402,-0.04782291535272793,-0.07300143643883197,0.0462792319698088,-0.061029362127077214,0.016218849131825308,1
0.5083386284930208,-0.15539797404042932,0.02246326110739222,0.005533998738594483,0.004523757093443571,0.0018465099774321253,-0.010485842027244152,-0.0006250289525485366,-0.014562913519207264,0.024113891462595547,-0.003980989028888982,0.003859370839251388,-0.02076831441247635,-0.008992164837643327,-0.0010511577893606088,-0.020375865038741336,0.053860129208340574,-0.022819615091536426,0.06150562726244424,0.003942663588020707,1
0.33328922278007095,-0.0726098215758123,0.024671288426373516,-0.003447655146482769,0.004903826369006609,-0.004975316876813055,0.0077595694126898086,-0.008318539493665882,0.01413468837007713,0.0043395447788227536,0.08779146734931534,0.016033513200413397,-0.017381784909825112,-0.011078602100297251,-0.006084583977809386,0.014300535454834592,0.01354699904230604,-0.010876517623618298,0.06030833116827443,0.004793775640979712,1
0.6282437052450691,-0.21283749893070902,0.01604108376696122,-0.015274236626735459,0.013065910557935986,0.03458724598430523,-0.016670122839029525,0.022912697807728304,-0.05483729419081486,-0.03736916250802152,-0.23703451497894235,-0.031282557362957646,0.0038601672241528077,-0.02237442462124534,0.040336591119325714,0.026001531465273627,0.033044704138262285,-0.04477066582314668,0.002126736692967082,-0.030669107199105733,1
0.052851314582243764,0.22729632289076573,0.12670103763229437,-0.04535610718107252,-0.0353160101075645,-0.044268845814445956,0.1866593545912053,0.1888022476489271,0.401924834603404,-0.039639148068492294,-0.09290685157091906,-0.027564853436366943,-0.05896891590056971,0.02371230202625124,-0.033101318153820954,-0.029073362833675873,0.029932431047946254,0.012850617171472085,0.004364986464429453,-0.02852153417322478,1
0.22938332270143075,-0.08145016436005478,-0.020620259976823704,0.006681742339454065,-0.003998239493901498,0.008891822025624455,0.012114091808820627,-0.0073574113339877414,-0.02893941494676226,-0.0055704077422557095,0.0004945733309730158,0.026703777002525818,-0.011857577017041362,-0.009565983210658392,0.016791316873364708,0.08460416806920934,-0.05461918890660981,0.06346634935286607,-0.005118339522543284,0.06556048526396778,1
-0.0662923038717303,0.02186179775812073,-0.104852139919942,0.07811899399745624,-0.021972028612938243,0.02302080678303032,-0.10355651704268973,-0.038220178803752676,0.037404249803770356,-0.001582158398137524,-0.051216653221647354,0.00663528691559513,0.01962628764739959,-0.04981001906225781,-0.026579141200302067,-0.0024904975981849386,-2.0663484864592742e-05,0.08018360451160769,-0.10455849612035094,-0.06186381579701326,1
0.0004825006662606415,0.020019126915412334,0.0008835290001299483,-0.027393317208675817,-0.03826301982720063,-0.04746944964860335,0.03328203486997162,-0.015904506472283586,0.05687969654815811,0.019929872483108676,0.06920174828498137,0.014677215651640376,-0.017780720479073916,-0.05771662970283524,0.042646835791490784,0.12265398729019264,-0.17936266075612978,-0.01681129225936181,-0.10776841216173683,-0.040064361636129524,1
0.0181405396436707,0.06298173041533478,0.015888592405305605,-0.03339282652586662,-0.023744801308720056,-0.0503071224659598,0.032884498848593485,-0.022390400066086984,0.0671132440360163,0.020786274220375493,0.10088600657174343,-0.0110816055751099,-0.010182657339607718,-0.08194640863983974,-0.014131711472587682,0.1452155732780389,-0.2997577234310907,-0.008457021066529131,-0.2562997101876686,-0.08741336172218227,1
0.021920200094766414,0.25706256727904664,0.0557284912470431,0.007089476849864527,-0.011998158012406277,-0.0051302199066136,0.1874162074714663,0.18918565691083067,0.25762936636618006,-0.01795735184156869,-0.051372925710646056,-0.0031421258358452237,0.0014057477342060616,0.004898665997414286,0.07555389429008987,-0.020574071849974677,-0.034215890009301246,-0.029577360757701843,-0.002074684314266975,0.0037696230531427924,1
0.09459462367283414,0.16069767125822979,-0.0542316876981075,0.12341663486752236,0.011884410337294935,0.04254573814589505,0.002215966888229977,0.03427431420453523,-0.02720820412253191,0.04955675022701792,0.10286651888785142,0.044443448483965226,-0.009319579785866264,-0.05340735828740949,-0.033772275116359496,-0.05416521956624894,0.003707406504630453,-0.005625966646326803,-0.04906558113354443,0.00894407008898408,1
0.6118292935173895,-0.18973540170152134,0.003548927212970908,0.0016650123257713554,0.018615923714320182,0.028142042806226505,-0.01802122165318281,-0.024439974791153143,-0.03072732053280285,-0.006260673336374102,-0.12703267986350658,-0.013274086791677808,0.007563051190305745,-0.001380728148633526,0.006667928379033459,-0.013045362813761476,0.03012962254862258,-0.035669048942047255,0.009919870789134332,-0.012007641201300934,1
-0.04238737508477339,0.05834828681234488,-0.096142110611969,0.09476378590614523,-0.016594452056553945,-0.031950468635801116,-0.1236484429106231,-0.07997099884384638,0.07659677738562004,0.06835221301643449,0.026313048919053388,0.02416703397158514,-0.14641428856764746,-0.05652870425072278,0.07221900348732041,-0.021773025783738343,0.00511273343982819,-0.11241264318796017,0.009097628573270271,-0.006925195473164017,1
0.07716834003468204,0.5399353884081026,0.2586447703661162,-0.20667804904065853,0.040038376637503204,0.019985152972648537,-0.11739603967489429,-0.09695669675680496,-0.15267171126707585,-0.029675556255332382,-0.04520291971653119,-0.001238228190877226,0.04190033901783702,-0.0013907819511182798,0.0007628271521825036,0.005186725049095209,0.039444122391256824,0.006978522579074198,0.0020413225105308567,-0.00766647457044419,1
0.24138331882356548,-0.001766958993885666,0.031237617123082186,0.017712233343452646,-0.0055751855941674954,-0.03541241059228772,0.006416941274354956,-0.009331479261598788,0.027516899927345545,0.07110684669201589,0.3657022957341801,0.0656764562930804,0.014329523051130742,0.035456206155680056,-0.11201065427934234,-0.03248750102820963,0.027370034055814254,0.009496567154506728,0.026229596561121202,0.027613147813731913,1
-0.004478978917928054,0.1793810899314501,-0.06336248291001732,0.09950798806207428,0.0017039767347707708,0.0026437964485180768,-0.03567635644663936,-0.03503919726275024,0.014168271695771851,0.046959217845526466,0.04781199494221017,0.05140961878100738,-0.09581280151412394,-0.02106823890104486,0.019328186096703188,-0.004548659916199578,-0.009924738059025962,-0.07809423047486286,-0.03183121108303383,0.027321520218557174,1
0.3654785439011354,-0.13756514468525058,0.02837006737715607,-0.03159735584967466,0.019665194227899956,0.016031411481404228,0.0011545234779217857,0.02379114811984683,-0.02061783336211335,-0.026129999989752992,-0.13238472482041752,-0.03960962265304237,-0.01843027073053974,0.02415126446295856,0.023712384127618755,0.013393442348256025,0.03380891584037471,-0.02439933894312405,0.009687700301473744,-0.014021262269906045,1
-0.015639080132305586,0.26632012389461834,-0.13669152254302652,0.2221235991242837,0.026175680765019537,0.09556545595369764,0.2681570432602272,0.21742598463051727,0.005035297389266442,-0.018524682541846003,-0.044446319952447966,-0.020989951174183646,0.0738639808628246,-0.0038747590463773574,0.14469214835360786,0.03968596667724238,-0.0008683456838601228,-0.04562129480329949,0.0335180957867601,0.005740141678206072,1
-0.051848640343949697,0.08968200273768778,-0.17349632406726043,0.16696934376443837,-0.015444209010221827,0.008558156731580342,-0.10382029796728252,-0.106113542699005,0.06948822801780755,0.058470768535960206,-0.021536160057527377,-0.009653483705936869,-0.13628187491223984,-0.006708445605297365,-0.021433724083664736,-0.0175006551993132,0.050780955683352676,-0.049832311045246123,0.01768948977118373,0.0047895245590415135,1
0.5238090630461648,-0.15716331600401806,-0.010770166758192933,-0.0038134433755155875,0.03723479538114776,0.05010730968451399,0.01183339522718449,0.025577381148837362,-0.04841062261981765,-0.019583371513196668,-0.03275777309943247,-0.0026566317637338067,-0.0028170595484706615,-0.0055013902724563805,0.004903629947842744,-0.02927181608698231,-0.011965917898519531,0.020260604487783183,-0.012314099891860953,0.01441736473904389,1
0.4163019347701672,-0.12428394082405407,0.013188409904312996,0.011352001382278976,0.012848126788989217,0.0002664503836439162,0.0041276601215925295,0.010120768205660841,-0.0077187094911642645,-0.0016668485189344096,0.005155191246644857,0.01862774768141526,0.014463992064889675,-0.019533462514610186,-0.0008061633913976828,-0.01641344336446422,0.013094360512433414,-0.011178291151348265,0.018720995498955825,0.018767007773801213,1
0.5615214784563135,-0.18339213596185694,0.02082765773177109,-0.003031699117457268,0.0016553436704978117,0.025353399891964647,-0.007691315680054148,0.014823665536817215,-0.026700950319928324,-0.01242064758385629,-0.08052776525583948,-0.008857856167565105,-0.02068043184217943,-0.011694189548643442,0.004903123601513417,-0.0050198932194136636,0.07045841553922429,-0.026681475731987484,0.05432649072931954,-0.011150928620547017,1
0.5816668179047457,-0.20389751440408962,0.024844742805752863,-0.020304711665624777,0.00842203700841731,0.02905144692701275,-0.010436583156744105,0.015569081840101537,-0.026249184276873002,-0.03623598021341429,-0.12601062200354118,-0.0369050240843574,-0.020951565137894528,7.25236960766702e-05,0.004316670920972209,0.038570201849817756,0.06768029646465988,-0.013846767779102391,0.026867080884837632,-0.040772820265517935,1
0.06687607983240051,0.4428762482736204,0.22349482716010363,-0.18593954526045545,0.030882418382408423,-0.001356575491212215,-0.1064785861406548,-0.09424994710039161,-0.09636869533020258,-0.005213661135943787,-0.012735678332370184,-0.001876469723236531,-0.006715608187417387,0.001158402656759003,0.014879982871525898,0.027794366171118343,0.06197483480634852,0.0012016227660223222,0.005597724030744769,-0.01700427788468983,1
-0.07029835162687878,0.04371294999985872,-0.15591491545741706,0.09024741057119166,-0.013850674378717013,-0.02373806373583283,-0.11586375608253824,-0.048512276475011246,0.03149886181443697,0.03283343615917426,-0.06620729153024361,0.06604032657954677,-0.01061822046591884,-0.027027813004186847,-0.08387209351304085,-0.03718993642676941,0.033090293900675916,0.023275162429986195,-0.12776560427839984,-0.08512296753855308,1
-0.06778423761235051,0.039825895279934534,-0.14137803257675918,0.08205506126008973,-0.03974510965463435,-0.02585046305521068,-0.12134687770277089,-0.09575427182456957,0.08136646788356847,0.056978167519560065,0.02027676689875399,-0.0015463317026624254,-0.02894953272004015,-0.04459072615967776,0.14658295191298382,0.034929214673663396,-0.009669067914920865,-0.03315368395248166,-0.013894742281329737,0.02891410522323655,1
-0.03790199564060382,0.01749125669392073,-0.09064660772525264,0.061156464628651805,-0.033566013163029255,-0.046690646923449236,-0.1081240708469029,-0.096731476933341,0.06092680865458036,0.03935360444262713,0.003399557684483825,-0.046374496582337714,-0.05564623134557676,0.01713568076179623,0.0475657726164077,-0.01478186111230355,0.006586508637961838,0.0647880844621799,0.04399160903386213,0.0009422723881959953,1
0.003646908747243719,0.0941284364186693,-0.05146291180024003,0.08453632495201702,-0.006932796294575204,-0.01630537958540444,-0.060647896882761586,-0.028985390288042968,0.06546869370044772,0.05260650400112888,0.03570710313049997,0.0073714704800887,-0.0410736386557497,-0.03646781410014189,0.012640595109263372,0.009064547128621715,-0.05086068473894643,-0.023094869670497797,-0.04389049065065995,-0.004910900593203224,1
-0.1273416054485808,-0.10667910572336954,0.17075095789615025,0.09744314377863693,-0.27942401650746185,0.03600677298324562,-0.08104150215236725,0.05919343326330991,-0.0172191784702758,-0.010071364893535668,-0.050620132655483395,-0.014632270985955449,0.14549929955687144,-0.06917269474345861,0.047161385091885964,-0.1591807562947994,-0.137499529929574,0.09137614224480667,-0.04583450893266073,0.12508666578852604,0
-0.06753550930387768,-0.0373415745746601,-0.08854331501641824,-0.10473309541444784,-0.04370384008925343,-0.09916786597279938,0.009564594819202436,0.003440767231034726,-0.025478291988741884,-0.11155568848393693,-0.07253140908711753,0.47325165827104215,-0.06539547175294276,-0.061624324536657116,0.10732843017754212,0.011801841305946748,-0.06972754514391748,0.04019128790850738,0.09034264914419865,0.03161390356003694,0
-0.10830268879695737,-0.08007115612847027,0.018836672951115324,-0.0425312748434625,-0.09082508700417771,-0.009869074718611662,-0.005949198105133201,0.0034106083732283873,-0.015098699484859385,0.04207741183909627,-0.0027668735439440534,-0.014868755239799133,0.12906504342631403,-0.1342104194571883,0.046069968462866484,-0.14599313954740833,-0.05545873200438376,0.11636468712524489,-0.03873498683867152,0.16124951261356796,0
-0.09271066355389437,-0.06677250968361563,0.0014522883773803027,-0.06856641246236678,-0.033861880944704784,-0.05764409685668612,-0.042696435779106964,0.037337703395701805,0.010140346985476053,0.05525811437965083,0.014565043477371852,0.127417817637785,-0.04458970595285957,0.08424331213395932,-0.009330063969349562,0.05160781533988814,0.46589870400669137,-0.4259199156287837,-0.29893180312162165,0.30351454804853384,0
-0.09641556981378244,-0.09156921154053095,0.0809134390676787,0.010839114029252552,0.07832685805230112,-0.023994412582778873,0.024004083428298992,-0.051581205149143175,0.004347919977292125,-0.014367362839651284,-0.028537839661085466,-0.028283556058086384,0.0076120542355720385,0.021376865317267353,0.05226000287392442,0.016069678484166707,-0.026705415043626998,0.05632816208031334,-0.17257778575744595,0.051338760073502805,0
-0.11076469092431097,-0.06372714475653882,-0.01630184824483529,-0.07871023236162816,-0.029088055664579237,-0.07415345408311787,-0.03465857898116245,0.019547264051398432,0.009004125339230538,0.09572759422005407,-0.0011145725653801506,0.11912651967736358,-0.08422499617014455,0.09944689762616873,-0.01554861854954887,0.047533421467269105,0.45058474335014115,-0.4298005911808096,-0.29007682355585623,0.3207835907639599,0
-0.06375583703485904,-0.029730862965472015,-0.027496918485033925,-0.0346160604237242,-0.07453847902325304,-0.059966870339215106,0.010328253569283045,-0.0233790119731616,0.006764562543400604,0.028094693857674845,0.01699906923326357,-0.014321568669861073,0.07071116513696682,-0.11722931383834538,0.018041169420932368,-0.07527678584673783,-0.08104204859758193,0.08629923081735866,-0.014406158224878654,0.16811865643515717,0
-0.09378876982967593,-0.04361998989358976,-0.07715242420651663,-0.08104471393666945,-0.10462303231539337,-0.31765067317892826,0.22607134957528233,-0.1088232781330996,-0.13939404800637728,-0.011910415270722122,-0.06874829796545144,-0.04406711403755337,0.006770660737733688,-0.08408821289249846,-0.02550302253730496,-0.038128596252557385,0.009882832535879177,0.012304526986588028,0.025449022256315956,0.023450891941317074,0
-0.08410187617291355,-0.04290640689567967,-0.08077295821539902,-0.05631000424634987,-0.05010727873086372,-0.16057848886159323,0.012380467551573075,-0.03219911843417855,0.00417721907118408,-0.10461372918838974,-0.01187805310908663,-0.05119821060187603,0.14197928708517127,0.257793491887629,-0.046011608101208586,0.038205125085402705,-0.015108004843115964,0.013813869815252042,0.07204816561822465,0.017240060023176348,0
-0.06738524100580971,-0.03808919255595537,-0.013591641836999407,-0.05537591678418046,-0.007328840059675786,-0.0002784419375353675,0.008491204513761499,-0.019575269355958973,0.03223024321848931,-0.006899297677960737,0.027792021240778127,-0.025587751864412693,0.020338758675879864,-0.06282688367102823,-0.03320255750550546,-0.08986714027091057,0.027516989910439736,-0.0038047384511598675,0.004531086284553502,-0.12022546528278098,0
-0.0990664305462794,-0.0638050188243313,0.08087718765760012,0.04909172636467978,-0.15217783243627475,-0.0022965694382043426,-0.07883021883555197,0.027332608469854146,0.022521983640242618,-0.009523376158636666,-0.02586888022742034,-0.0068607456004494876,0.12139986561792226,-0.033924673189728284,0.04616534932224832,-0.08247004295393143,-0.06727961295652607,0.06194421462958132,-0.04289589406876984,0.07268241483273201,0
-0.06459535102969356,-0.07269134401059882,0.04751228062477018,-0.05278541953819624,0.007842399416754877,0.0170249894715596,0.007100567111772678,0.024460830981947717,0.015214955545449788,0.029085799758352092,0.07035126856816075,-0.005718927517483897,0.08826950229751836,-0.0434412506231504,0.0329596009145106,0.03265884565358573,0.13049247751820273,0.10341598956239943,-0.07859473006535792,0.03780486107445127,0
-0.0692625304147925,-0.04622755258511725,0.027254035447084116,-0.029410846296483596,-0.04823675500370006,-0.06810655780774663,0.0021171766967724363,0.017636065952785836,-0.00803945260104783,0.0458456570749392,0.012825187476164566,0.012668422756978295,-0.023031161019661246,0.020759253958560722,0.024339925607400104,0.06382889844189121,0.13076736379619835,-0.0390909236978646,-0.1059095382087605,0.09830685490987304,0
-0.05851600210765745,-0.03222697128189438,0.012781077013345412,-0.021205046090785808,-0.02194942174638256,-0.03265320985342775,0.01714357011630369,0.002050222861949116,0.03639476152502958,0.013982222666314043,0.03137666593494204,-0.0271535572418627,0.08893035784869406,-0.03874076014783396,0.1180518185815039,-0.0021009854729400895,0.04965163907251146,0.02931056136954548,0.05287695339318465,-0.0018627877806652474,0
-0.12318508341812234,-0.06965743073752217,-0.08599578590088096,-0.05806279932019465,-0.02678268984381823,0.0049447608992020265,-0.09500987936392043,0.02634299719321224,0.016021716928499883,-0.00901120021003895,-0.057860909871162436,-0.02587488585981512,0.15965930587274682,-0.05145720646635138,0.0028736729712479257,-0.010040431585724952,0.03726755579159281,0.13717047571156363,0.0018593314150084337,0.05887252760243659,0
-0.07016544420412611,-0.06648473248440934,0.009403619885531468,-0.021140006639170844,0.025932666013730617,0.0017378437517220045,0.0004478540304336244,-0.003749916096190539,-0.0034687815133905755,-0.007319947284462944,-0.0050149553566457864,0.056781346655180406,0.035371903937281256,-0.03736723290932429,0.021907402236428168,0.009482881492724426,0.10018085576156571,-0.041392205977605505,-0.16318680059218596,-0.015271616292241323,0
-0.12126026014427813,-0.09262831365466746,-0.0007408838831675012,-0.049747407893812004,0.025091082189437664,-0.01784571378142914,-0.12747687877118655,0.05628268259320241,0.06732229336134697,-0.05561739180045431,-0.014397334704120083,-0.06631849065650365,0.4252993626044111,0.07176731918442497,0.014312399729087225,-0.10511949779515649,0.09196663930655251,0.24291819770809847,0.0053509872104887685,-0.015109458412245294,0
-0.15836840848447514,-0.17118529098781468,0.3314332462474029,0.21417112885548986,0.6891622057567235,-0.10110878233385105,0.1133155337706394,-0.19556681301551537,0.08373965772712663,0.06940571909741734,-0.061138197737378296,0.09569607459128798,0.06594099485467306,-0.06953662138086153,-0.027721011923882002,-0.0857626956959052,-0.0919562843442362,-0.09263512605810013,0.07039241962240128,0.06514523902586916,0
-0.07854315566662613,-0.05082366207385581,-0.09947833725392817,-0.10818473552149728,-0.05420297471274768,-0.09076566692176076,0.003075842964099938,0.0011523691859871411,-0.03427085487572887,-0.12741339246918817,-0.07886052206801461,0.4870516540000471,-0.07492314639580462,-0.02636934214523435,0.08337593930440153,0.020003890163027657,-0.07618857357337958,0.02817983415835912,0.09644815594050983,0.004890218224855832,0
-0.0973946363045796,-0.05412133950489213,0.2003110847605338,0.013994991392213933,0.029140061034215098,0.08350297148381251,0.05094852637168512,-0.129854664991219,0.04425539317860607,0.04824437084778106,0.03386924853512143,0.016452649196516882,-0.04293166258417166,-0.11432892716303651,0.02495762099164608,0.6103578399256817,0.345517565543331,0.3922641042630868,0.04688067687120227,-0.06792425559815377,0
-0.12967597459311228,-0.17423326036050218,0.47488177994018904,0.2849424695390416,-0.3351314269648283,0.12817567041938374,0.02145083084855121,-0.025573025364669915,-0.06485931322747057,-0.07134633378908302,-0.0006298741602253715,0.0300456782823258,-0.10136284739040984,0.011243732528224071,-0.1054309924044456,0.1190028551433957,-0.060092579680136406,-0.08949100424612555,0.10305770904354615,-0.043714806733572316,0
-0.08210126622159862,-0.032315486358367874,-0.03963985689087399,-0.008005224430036862,-0.059630452061185474,-0.09698826463506996,-0.06859850462192306,-0.034874014950711005,0.0823729022421866,-0.0771410964276281,-0.009301556789817119,-0.03616124825331983,0.22347271678291045,0.22740065088454914,-0.05959858008303371,0.10257730506650402,-0.04558503352287711,-0.12344397637817627,0.19106527590093778,0.01588961352775256,0
-0.10992151303791664,-0.10418576876075121,0.13749033157448545,0.05088731064647009,0.18802844507018623,-0.07485664379180028,-0.017554824116937522,-0.006245487277432169,0.043308366714938845,-0.03045681793344218,0.03132613934136459,-0.03024956226184771,0.027226880658898407,0.09897787404781137,0.01300810336893472,0.01579793107935782,0.010938035030200625,-0.024602121287266215,0.01658406969367847,-0.05696112806956476,0
-0.207829566463994,-0.2228096263457197,0.39760927339455837,0.1871827879893603,-0.18360300207812194,0.12499581064143514,-0.011979119247891001,-0.0003706937924847171,-0.06406928711812135,-0.041426847381961944,-0.03351308483444371,0.0031260142714624314,-0.0049268472148106535,-0.008912743381050922,-0.01852509379875589,-0.1352816869609073,0.04491583784237608,-0.008565539865294798,-0.08323688113920581,0.039200970979000056,0
-0.06347777942330583,-0.03465686971512363,-0.06100994927942597,-0.08127370311077457,-0.11622634476144696,-0.3733750026763112,0.3158124564955649,-0.1473024300012678,-0.18522497139960656,0.0018230481664587021,-0.04696003110596749,-0.10254483208503747,-0.04749410744461937,-0.19231740170198164,-0.11212941114442823,0.03252922587723932,0.041198485789841414,-0.019874393299004756,-0.03224317879803422,-0.09101451703021154,0
-0.06969475427788299,-0.035812791984528726,0.006659617392022077,-0.052288916150528796,-0.026206296676886336,-0.05117158896148081,-0.011851065871532042,0.012701722348547589,0.050789675201421344,-0.03949035516408887,0.016091580670138758,-0.002205858921349932,0.15087477077894065,0.06501052504603123,-0.050132237697316236,0.07746500630902942,-0.0036868911587527565,-0.07918730299865248,-0.03399436166990645,-0.014360822469504975,0
-0.10808096547017114,-0.08347786821076546,-0.129833671321048,-0.18222482405184884,-0.022381643215501155,-0.030089341986547696,-0.04744373288723345,0.10629667290308412,-0.06815993437991558,-0.23804459059791533,-0.07610033894300464,0.7273650205705243,-0.1385016976445054,-0.07186322973023686,0.0018372369006867126,-0.05074580988448505,0.01213726434325088,0.0741938419916787,0.038277571723509846,-0.027591976806635093,0
-0.08337646499300828,-0.04235038109713272,-0.0801993921711514,-0.055283068708691104,-0.013331872057087269,-0.014573248056898472,-0.004072258435173911,-0.00908229533346897,0.026684279760547158,-0.08890809807637777,-0.015359896335904986,0.00345317513640674,0.17571871395678892,0.16760343852654472,-0.05658215771221989,0.09004619103454128,-0.030819664345486355,-0.029901481765079927,0.023271295139703132,-0.0221927334739483,0
-0.12724011930857787,-0.12331014480381225,0.04078152796123244,-0.21516549717830655,0.08529842823299098,-0.00886217678868812,-0.06677843627473955,0.38980272814233613,-0.18894412938233804,0.683545480953989,-0.10225117108441249,0.011732542613923844,-0.08009561086017218,0.11590208358054556,-0.0900290784597944,0.047333396479974504,-0.10797715460097224,0.036830913422788,0.055152678306074086,-0.017427609277441282,0
-0.1414109926946647,-0.14369217913547463,0.025940062122077213,-0.037631650662398215,0.2157393357658059,-0.17279854545958367,-0.29997755230802275,0.46019808992405753,-0.11766601495383107,-0.37622659164248135,0.13150342728375225,-0.2797284872476685,-0.24725953313670893,-0.23378981859994455,-0.10269210226309823,0.04722478225231201,-0.03151728446038788,-0.00574505257052488,0.08061942110437813,0.08339481304529779,0
-0.11151553541341992,-0.1017766143434122,-0.12465198430148276,-0.21883460473987576,0.029269011215162642,0.33818323127102323,0.09506759007979451,-0.1518882776737837,0.013623392377550617,-0.08014934710172222,-0.025592971705673342,-0.15018181583334694,-0.1523535195743941,0.137843653484411,0.02840846429328666,0.07194078459066022,-0.20926076718655393,0.0654880809142857,-0.13825117883867347,0.4621294887606104,0
-0.152689783273452,-0.15283781368084992,-0.042865940463455106,-0.3051374035115464,0.05400876047144487,0.4122231366433132,0.17489385801028276,-0.10506171432033386,0.014594420538840965,0.03272341285661413,0.02041040565278447,-0.09468394644869549,-0.06276750876438573,-0.16314221772729573,-0.03521991179104372,-0.08128713462950529,0.12254287282763485,-0.08865388496777224,0.04577466096340784,-0.1681617002734839,0
-0.07391310327255929,-0.034308817914154674,-0.03176661852432357,-0.021302088364024866,-0.05072263299882347,0.01107338875476688,-0.029528037696337786,-0.009015310781488418,0.051988598827413815,0.043457399516035604,0.07996404780191628,-0.056673480069047745,0.09329902178100866,-0.14899604185325138,0.2824333992333853,0.038692359289485195,-0.043862692056761556,0.0782033560913819,0.04568077729124079,0.04524159318780172,0
-0.07188830940237026,-0.04096935629865639,-0.06079282139331773,-0.06414105783419119,-0.06629184031152864,-0.13862031028506538,0.04304205342844586,-0.031669977214524726,-0.00761697533418045,0.025552026494996743,-0.03193136534682176,0.01017927860787856,0.08093939971059944,-0.038881839811136215,0.025075102318720066,-0.03985942203880617,0.022910515030906183,0.035835281172630566,-0.053737337376860435,0.08360189732545553,0
-0.08787894705789656,-0.07076472093728994,-0.06421937235539776,-0.07857384908977634,0.048074322585691685,-0.04992428752031217,-0.07429545365547251,0.12296613785202792,-0.04436143843443196,-0.11161271820076862,0.035140172237673975,0.06078168398907382,0.022893281430427955,0.001806020767445196,0.022753810784189886,-0.014953980871044362,-0.011451288635175928,-0.02040890172020683,-0.061891885341023134,-0.11741307789434481,0
-0.047680284401490934,-0.017176107658945054,-0.05877688593367661,-0.019226251416279826,-0.06107874076985318,0.0012015355432870168,-0.04430421583170206,-0.02594708688082587,0.11561564251811698,0.1001017331735907,0.14913664807938987,0.012785948958316789,0.07511846166908397,-0.18259136097218825,0.45695089267825034,0.19344370866731478,-0.2172447440618997,-0.23817430995507086,0.19096137968348836,-0.057553191824417316,0
-0.06227984584924323,-0.007998853743931889,-0.06608713658753852,-0.013594303987328039,-0.05830287775203037,-0.006894364422963403,-0.037710933844731155,-0.007636453504034509,0.09505333185789369,0.09425128804615415,0.12924673419601546,0.011730076090498684,0.0668589849984094,-0.19128212823719876,0.47367839955116764,0.1992546144532469,-0.22462042967394577,-0.23747978214224708,0.1854566628966471,-0.04671715357333783,0
-0.15157340163068247,-0.13811464657456127,-0.060353251039681324,-0.25790409498252986,0.062431589440987464,0.38190378104022127,0.15134432094890066,-0.1093403856650172,0.00662087844443507,-0.02595843197740943,0.05008208734439991,-0.10755923828007889,-0.04441641405489203,-0.1679613700663224,-0.0755967516946553,-0.21893684515464518,0.07668611585188159,-0.0669237339225932,0.08938426587937892,-0.20409651716144867,0
-0.13018148616814548,-0.09732415868014985,-0.11405253544511654,-0.23124391393819546,-0.007442292208556742,0.2619865097006904,0.07491937208404305,-0.07683966271741786,0.05663686589439878,-0.02878390217984581,0.018237502897956576,-0.10476407825551867,-0.0225512640273549,-0.038553051090534154,-0.045539680573583846,-0.021721888233640945,-0.043948185376682526,-0.06041635665323756,0.05453015051586293,-0.012243589914182043,0
-0.09716678478182973,-0.07037264291859778,-0.09123568184837026,-0.1284672341706575,0.007658381991254023,0.16737446484969407,0.05976327992258034,-0.06719808326258876,0.03599970572580954,-0.02930779296545737,0.03424729484700737,-0.021525297703655875,-0.017999663431380847,-0.06574812720520688,0.08852791878864798,0.08996057800474973,-0.10675144935757178,-0.11284542098050111,0.10868535133057115,0.029711506551805184,0
-0.07190632002720423,-0.007258062402221542,-0.04304160320639178,-0.010537311825969072,-0.03002559675695226,-0.08039333130829798,0.035591795845936414,0.06958917449939211,0.050670562818928296,0.04916192620403126,-0.036100425064404834,-0.055194341225670775,0.09197777070114288,-0.006633109685687575,0.10932345007428632,-3.168060835409178e-05,0.04045531367385752,0.0365945275619148,0.08005541753969872,-0.012570975418932588,0
-0.1423941275142899,-0.13007336150449855,-0.09752541977455773,-0.27022564553968403,0.021236487535127548,0.3235251087169204,0.1039911560827592,-0.11941612684003264,0.05230614668910227,-0.027688102261784114,0.030614287975238824,-0.08629143342573467,-0.10019858520419643,-0.004659664522358461,-0.05389336161782164,-0.023512042053275867,0.014065552196539105,-0.0629722995576056,0.07853855187415769,-0.01134697666312396,0
-0.08836985550261262,-0.04883468068635218,-0.06461058661169695,-0.06069331293757071,-0.06290091902325787,-0.05043272510115298,-0.07497221030310516,0.022368188956806014,0.017221318298146923,0.025974622328218747,-0.043323728666807615,0.0036849665258479724,0.16616316071226322,-0.16320489368899538,-0.013551302015186631,-0.19283471375088698,0.005723502840396643,0.17722132397700374,-0.027942994806618184,0.02737783313799686,0
-0.11019926512153838,-0.05824189667270848,-0.08320894382072869,-0.10319755861634805,-0.01224013104435185,0.09719886362637735,0.027693987319958688,-0.038799624871393545,0.030019956240589254,-0.10251005141078999,0.009549227177425124,-0.030815935563359348,0.08152350684419328,0.12728748228964726,-0.1224617998884409,0.06846759993469055,-0.062173105930162495,-0.05946351303048135,0.1020114507879706,0.018477728961796242,0
-0.09880592631650383,-0.05631295815966985,-0.05896586610980744,-0.08631662009876727,-0.04366778665262359,-0.05665316042141186,-0.07447523832252109,0.10399208253983419,-0.03069745164574729,0.15285284047622472,-0.06941967703890506,0.011576317049714983,0.14096165080017328,-0.13357795186642918,-0.042992608465500695,-0.13889268223890205,-0.024283447322423907,0.1589409303322052,0.02829707719907712,0.03721744567431158,0
-0.12969706817583146,-0.14109803486340064,0.11595144504967442,-0.005340735152089868,0.12883483933398987,-0.1395036992694796,0.017302546545744434,0.04431104825083311,-0.06917332637994039,-0.10714423214407671,0.08118924259092947,-0.09089910556299619,-0.3079521380774544,0.3943572459549217,0.2715689967751858,-0.1466373683765869,0.04719929641938902,0.14395040548005478,-0.07676612737007235,-0.16617294424769535,0
-0.10340417525178065,-0.08635821752848023,0.016671887186832917,-0.026092242424475033,0.1255704695605048,-0.1064241587311565,-0.14099484340362017,0.19842745572709797,-0.024992472578970897,-0.19681867564835354,0.06195244240961371,-0.06707246884784196,0.030974425943939125,-0.09661562005290918,-0.050246786996938964,0.047670958198324856,0.011179993535251719,-0.05883765052974884,0.01088979124110594,0.02118247416749964,0
-0.11452056594869976,-0.09083891996953672,0.02186542380413171,-0.05299470492745387,-0.016910444315752726,0.008980459522007883,-0.05178006019370311,0.1012111237470722,-0.024682057087922454,-0.0069064813488403515,-0.010996552651264315,0.06247944706894335,-0.03109271393435627,-0.01650413928931828,0.03213420379053917,-0.029673600319170077,0.09612700950059717,-0.015505139458315104,0.004416826421901568,-0.008881758100200234,0
-0.1470390042385154,-0.1487868049742762,-0.07381518387337042,-0.26792960474328614,0.06691709939913922,0.38514144385390625,0.13809177743443532,-0.09370005389322984,0.00712516048338817,-0.023522104480980823,0.038659784838624554,-0.11549586393225438,-0.0308977304853778,-0.157979382798494,-0.06663922205083309,-0.22918616134821498,0.06781034548707239,-0.06972661717289834,0.08901524740403645,-0.22603702431931344,0
-0.15713560635860346,-0.18959610284859235,0.5147093077424477,0.3242267261689554,-0.3956578535530639,0.1529483866697684,-0.0029986987591125664,6.062994739823782e-06,-0.08370726037194944,-0.058560787934279365,-0.050302833093399765,0.013469610690753243,-0.09129267833954618,0.03551781046294933,-0.08310640813816776,0.049642604553851506,-0.06606319880172076,-0.06502523653421315,0.08161812350350443,-0.01913934338745062,0
-0.09926063937702405,-0.0833622262299296,-0.005131047321870911,-0.12739907829256442,-0.025443295654808684,0.06767796168345505,0.008768388202560094,0.09206321761071791,-0.0339980692585989,0.15421772597398253,0.005580656398248763,0.025945484316909004,-0.08148524959924681,0.030799126991317136,0.08852631864130518,0.11169252423441507,-0.0590727836094746,-0.08405281677770955,0.07028170725140018,0.03363705073513358,0
-0.11255608143948896,-0.08469072026022845,-0.036648306465893794,-0.0863671360033522,0.05803320393747627,-0.015309090171246837,-0.06797330352656,0.12465020780858745,-0.020335757669496992,-0.13063877937993437,0.04843590368466661,-0.01686174068210383,0.1297066969432109,-0.043846085397173,0.058318487945909214,0.025714832721400096,0.11314878287440924,-0.16303732246203065,-0.18294713503765733,-0.13409597692750264,0
-0.11134614264157075,-0.09118012283931137,0.03463234325613942,-0.15594556830065198,0.03396668653179468,-0.012578421963256443,-0.06083994227855872,0.28288843007905246,-0.13274021683034454,0.5110714254464923,-0.07398920451512361,0.04091742268343281,-0.04090408967921576,0.0772924016169522,-0.07571810399886089,0.03559949519843875,-0.047004433323737334,-0.013115233444009401,0.013317926820006976,-0.02243183053037676,0
-0.149186678904757,-0.14984812010974394,-0.04052729508277215,-0.2906874447424442,0.05517695108313894,0.3967306812754161,0.1660741158361634,-0.10089176474432168,0.014584069615572138,0.03203813054892929,0.020529267590198862,-0.09223786533702821,-0.05901985030537334,-0.16099680766828808,-0.03241913274320081,-0.08823743538467445,0.12613248625660836,-0.08084844226107649,0.044905656560560926,-0.17879556772783659,0
-0.09669020154378481,-0.045544575974346815,-0.06703803083094695,-0.10241148492584999,-0.1563187877524993,-0.4630869098906654,0.34875518197947025,-0.19771840885867578,-0.1947157311337565,0.013101119785040211,-0.07224231742189319,-0.16334482893089036,-0.08213654826611688,-0.10837892450885142,-0.07388980446983745,-0.02140022033049524,-0.007338672478305627,0.005397759147912138,0.0584777034760575,-0.020874965027731826,0
-0.12366047002630273,-0.08770258159052327,-0.009589095009451296,-0.049406640720656834,0.07303391019639019,0.019571054217549375,-0.06920743064013454,0.06708734656059508,0.02148352675360799,-0.06839853687958926,0.013072751464253055,0.004024584562146432,0.2268199332451004,-0.016718399142756413,0.07112773486507017,-0.059284218109045626,0.1339472064686681,-0.1368080606993732,-0.17644773302969613,-0.260473922496085,0
-0.1314543024400097,-0.09341172736463015,0.03336582462171848,-0.08495488407925762,-0.08738515828737177,-0.25049935802943846,0.1726847973714262,-0.05815007061772794,-0.12414663234804516,0.035179008227467945,-0.05139199680990799,-0.042132763594007167,0.030536846820989946,-0.07286893096941292,-0.016385104880820418,-0.004487572336507492,0.12513242871754074,-0.08419505164188704,-0.1101447340093957,-0.06306391876564577,0
-0.14058154454886584,-0.11472053990364475,-0.06734098870606094,-0.22563615947453936,0.07415209296294899,0.27550597177443875,0.0905666031352091,-0.1364740743272947,0.030777687576040536,-0.07887616640541317,0.006196534460990395,-0.041338559148886685,-0.04337478030874601,0.03788340829520109,-0.0036562275652191555,0.20684316284304727,0.005980105415046675,0.1418490341408166,-0.052112050426487394,0.151101917234777,0
-0.08585228526430569,-0.048772871440596485,0.031825903431605254,0.008776200223018248,-0.07054020040691296,0.04234691343211733,-0.0373277377176026,-0.006947283140834312,0.023426820676040714,-0.00696942411256643,-0.00016597677997931987,-0.004409523292059458,0.1341065132072286,-0.023002351177731736,-0.08233038018327637,0.018228047803158162,0.03146663866878631,0.04967938362609242,0.002431252621190536,0.029916685739573623,0
-0.12304987619591767,-0.1265761014749939,0.04777102668059249,-0.17787649501806735,0.11967893779874414,-0.012104845223784232,-0.054391799794403346,0.32278001665603884,-0.14564692034614837,0.5423292522400017,-0.07939090302085844,-0.006402336025197651,-0.08946620522595199,0.116333652030106,-0.05785916367356597,0.06413400351670923,-0.08314536986088626,0.027331706385981418,0.03785022831416958,-0.03322617432720999,0
-0.12549018216974578,-0.11059180541615013,0.22478636243327707,0.13489770824607245,-0.29682125535921616,0.07117922436367478,-0.05718362171792546,0.04263782740379362,-0.028563712631036697,-0.004086711741483811,-0.04889304016209186,-0.0071723600778117605,0.0867640904617622,-0.06258806988588174,0.014496643746832905,-0.13281403231701383,-0.1164157990979376,0.0550130562976099,-0.04989324040468057,0.07872557535344298,0
-0.09755747643924075,-0.06725692214539257,-0.03866952754424596,-0.08992795842355668,0.0031678047437725784,-0.023882827495806405,-0.049507047797662414,0.12379459059221229,-0.005210582837907069,-0.11226640361046253,0.023958687667130444,-0.006654219349425436,0.2121373657559539,0.07356825700518195,0.043050122018219894,0.050540805112690095,0.06703826033540407,-0.19507358249169246,-0.08472768776819962,-0.19727862831221457,0
-0.11522737795344722,-0.10843480277272034,-0.12286178177113076,-0.22976714733612585,0.030544807249154236,0.3601457914513977,0.0989069600761941,-0.1534623586604204,0.01536076730993327,-0.08336980137252906,-0.023097749293939106,-0.15041274906374266,-0.15875122580399734,0.13704541820064634,0.022970854305458678,0.07446447021769674,-0.20021005808821193,0.060834810796894644,-0.14027889922821243,0.45428718298037285,0
-0.07108123433236711,-0.0035590827919052795,-0.06276492795068117,-0.012781336237429346,-0.037215121865049584,-0.0020949805616901187,-0.12081495312137926,-0.032339929169879704,0.04161128563949308,0.01761228172063749,-0.03477275458965738,-0.008269167037338543,0.05362937020890412,-0.022074035380341715,0.02835486689688468,-0.019720579971043532,-0.017180586982837892,0.05127987246616559,-0.08092437199565053,0.04761900744861691,0
-0.05350244047130772,-0.04412416320372714,-0.04032405028354468,-0.049784279752352695,-0.00945611670122147,-0.006301555351085482,-0.009995059846914452,0.03215261136331322,-0.008392506599812045,-0.013261247379893964,0.004343554682323978,0.03406501050567771,0.039424371684971135,0.039979523500491505,-0.028062018563153913,0.06663853887003904,-0.04152211288991741,0.06873922770822155,-0.03720035851916012,-0.020798641852748777,0
-0.12423203308099377,-0.1073985141419773,0.06882773864584006,-0.18665190441164986,0.05150074224260099,0.029240306902350383,-0.034768399547362716,0.3107002987100955,-0.15186784427851444,0.6134980381155056,-0.08010859331324209,0.03336488871619841,-0.022418375261075443,0.05890419800241892,-0.11787189038185682,-0.003313623044513056,-0.04172906140209091,-0.004958090579096915,0.046485951708075096,-0.03469982555441648,0
-0.09990036972470442,-0.08336497347991546,-0.06152315964327311,-0.19415546876985637,0.030486636576337493,0.23888911965663187,0.07108914699066986,-0.07172882583893449,0.005889305402838482,-0.06452704356905505,0.023864827397826686,-0.02504474536379882,-0.003709130802883945,0.058335612508657306,-0.06007273993503471,0.045725353510084873,-0.05028832052159416,0.010059197304118335,-0.050665485135222406,0.0666451642381024,0
-0.10136778264228938,-0.06976838651734171,-0.054114539326328016,-0.05229832887631298,-0.0596847309356843,0.0034611156765676316,-0.0661839149513562,0.028817127806613493,0.023068884071390683,-0.01697305493690617,-0.053388653403421964,0.027057445166457552,0.1460188119295241,-0.04075963534645261,0.06577658133540665,0.04015526147066932,-0.0010166869522256789,0.10420724181234514,0.022131928253023337,0.057614425493759426,0
-0.13157282948600857,-0.10552358991048148,-0.05213509572865615,-0.07032635968883082,0.15872909926620238,-0.15181584569217013,-0.26748765537064784,0.41488185274780964,-0.1029781786203307,-0.38447467026268556,0.10794628278756502,-0.2534843536468762,-0.15499634313667487,-0.19390869909591602,-0.1376959168558238,0.09660655240518937,-0.027895632982979302,-0.05464292249434391,0.081921071310035,0.09364357027534964,0
-0.1135230452522469,-0.0589305008739803,-0.09113129427966095,-0.05758138317332061,-0.03091515382313214,-0.06798002171841945,-0.03867217303930144,-0.014452653512039195,0.07415263733212021,-0.16354313227070053,0.004396633237292835,-0.026759332472738283,0.3992401091096156,0.4205037221170697,-0.1669948532850121,0.18108105566813318,-0.06754634368652929,-0.17634237057007918,0.2498868194561836,-0.05898771508373445,0
-0.07500404234582644,-0.038848519208743396,-0.037288241709078705,-0.059583911562318424,-0.07301997669419356,-0.20480997711424898,0.0640401789509217,-0.04789683765570428,-0.013934211368801993,0.028700100326951982,-0.020701403727007416,-0.06555314311794959,0.011815193850727641,0.09793293561106466,-0.008725722976580351,0.02686744371662094,-0.06690568784886711,0.005045947835768506,0.1184742406452896,0.07356764489085295,0
-0.09664972755436099,-0.07418260196592114,0.04968589761217669,0.020439366535865245,0.012310688202695106,-0.01589436981408992,-0.03063495892754278,-0.009887296626395519,0.034996899103680895,0.022647197716950583,-0.003155905737721716,-0.0417343892411062,0.10300466218152658,-0.06085744802699173,0.0685013564475662,-0.10402576503143733,0.0493551438355301,0.10192275042569493,0.01551382382344971,0.021695088136634056,0
-0.14051678973363882,-0.14527414357033955,0.028352107428473168,-0.0376567200876708,0.22292487162354632,-0.17589171378572818,-0.2985822756839271,0.4654149639938077,-0.12034512701800008,-0.3812723721159834,0.13466618390273402,-0.28560806649499293,-0.24357782080114396,-0.229245936659522,-0.09605104464278484,0.051655136166761276,-0.03102990917218463,-0.005566485636617001,0.07662476741274328,0.08259061105680529,0
-0.11694946679100021,-0.15002646220712526,0.11192020489863196,-0.01316841351610441,0.15440512218778163,-0.0891768965641774,0.03270129909625028,0.036630020946212774,-0.07210685566664969,-0.11378123838171542,0.09690068291706973,-0.1152342178350154,-0.32141677448636097,0.44824715509635676,0.36448042007750386,-0.18150472750321012,0.048314186680327206,0.17508730172620665,-0.1049976138707809,-0.22520862030071193,0
-0.1761878541805327,-0.206816134101681,0.48815958231246825,0.2768913325213682,-0.33448128768504615,0.17332303669769797,0.008478943375278478,-0.016718365920569373,-0.07133113165578558,-0.02984549784262673,-0.032829121739277906,0.0046626443819623485,-0.07355020882883395,0.020870810587754824,-0.05302761562007696,-0.005857267038815252,-0.015422502077572354,-0.06310134823675698,0.048152702437365746,-0.02023647708535423,0
-0.16549620838357962,-0.19736799494256146,0.3455486150075241,0.20161066765382366,0.6735585257063063,-0.09496763743102862,0.09497539608412947,-0.1848058462186791,0.0463539097306552,0.02337341399870235,-0.053287234180775425,0.0860538328968899,0.05467783929290337,-0.052251257564196636,-0.024381361238705407,-0.00021469601505516982,-0.05612011000253477,-0.01216334547295814,-0.0005906191359403931,0.0524341026870019,0
-0.10911021392827876,-0.08322124576999751,-0.12780451081413938,-0.18095210692322788,-0.025186209837247692,-0.03070188249716175,-0.04587646128509699,0.10626350434850908,-0.06910940405694092,-0.2335156669496502,-0.07768385985856928,0.7335153833801895,-0.13704459597126348,-0.07331586930941231,0.0008346179133913719,-0.04842291523871643,0.010307167917464262,0.07354345824314652,0.04039433229629166,-0.028554666207826138,0
-0.09271527563381574,-0.10892812854822038,0.051317650195393354,-0.028104425198793772,0.04762137826881874,-0.08190676438071709,0.05488327277543458,-0.010153703253986238,-0.056307665001178515,-0.09076577539538183,0.08268331932776152,-0.09279239218099837,-0.308555397085901,0.4473869075247024,0.3497785642471896,-0.15684529710737546,0.03493105266348832,0.15917379553857497,-0.09909728271997037,-0.18324584899797905,0
-0.16393755919753392,-0.19481691718644625,0.3457650392083534,0.20475228333568699,0.6514625867854282,-0.08485354288909161,0.0983499831000008,-0.19289286858625104,0.045525764329623436,0.008300445833727698,-0.05342683185223392,0.08327303077280296,0.05765086749103503,-0.05805358858360236,-0.028014999367076486,0.01492021434761692,-0.047344435887943064,-0.005587105314729501,-0.0026486131793720447,0.05036110275046281,0
-0.12293150625653398,-0.09004616768222982,-0.14136799668969505,-0.1931554071664582,0.021779483777493096,0.18999264325190485,0.051885905635559754,-0.026016415920000646,-0.02707329372782858,-0.13610807190558874,0.007728047801313855,0.15434335868914248,-0.06982845599654379,0.007824133349974139,-0.14659091284026024,-0.04879869093959746,-0.07975082058665334,0.020773795391037766,0.07932230692673439,-0.09438334172206844,0
-0.08971559336265456,-0.044146289498059314,-0.06844946030958458,-0.09945644589886081,-0.16544962351793138,-0.45922274406458635,0.35372797486138724,-0.19740251122941455,-0.18868382237678688,0.009174639170389487,-0.025023607169389183,-0.12855099750209562,-0.07071516213066738,-0.1357885410937163,-0.09159700687763257,-0.024081028690690863,0.004121363176214869,-0.025280939833103026,-0.0016929799978889746,-0.02670401670630652,0
-0.1440616335185882,-0.15904416384470366,0.3259205127771389,0.1649707236919058,-0.18387156853006614,0.07698802142929254,-0.011692616408316786,0.02433022872301556,-0.0329572773875515,-0.008875395822067748,-0.01573837822738226,0.016024372591016117,-0.014369510825175917,-0.00825782871166714,-0.0040928099389540675,-0.11492278069231114,-0.027160714899209536,-0.06540010618618676,0.007554458091897361,-0.036010771183471346,0
-0.09444663003231298,-0.0543909065042144,-0.10692881570963834,-0.12142595191381046,-0.010265934478684045,0.01927567988447186,-0.004624947083134044,0.04087880581801477,-0.031508914864670126,-0.09411656819925811,-0.01548627550038416,0.2087275236151688,-0.020283612441686968,0.032427684598648074,-0.10536113305539611,0.005486049419333596,-0.08027788332126623,0.08421316933940419,0.05057877336422687,-0.03382898300806986,0
-0.10443238390920213,-0.06148281086242209,0.00047065516361165894,-0.08923004788810703,0.003071932805105147,-0.037984153705737524,-0.06444987309382803,0.16609413832598402,-0.05346074338510101,0.2204627336729733,-0.014276942431971484,0.009992328550706907,-0.043763029949788014,0.05959507470810827,-0.04384528310359537,0.05450215456409551,-0.0029982143851788484,-0.013865341050815161,0.05049329766731496,0.00875405123375042,0
-0.06720602804603201,-0.02468953032748313,-0.05790601940869877,-0.04162204928302374,-0.06422931912454186,-0.16851623694608447,0.07653714894459551,-0.07311199760234079,0.005575161458097556,0.02553539106832962,-0.03999279661823068,-0.05724713472945002,0.046849706745567286,-0.019499611165291867,0.02199216929407856,-0.024772147591576477,0.01579452017324702,-0.018056264877353945,0.05031721053349671,0.08273311730473956,0
-0.09988279954886378,-0.07602134202823407,-0.13709293951328938,-0.1561054075976859,-0.013978512592690439,-0.010373702769182536,0.1365240170842508,-0.07912687987005358,-0.08708644694445214,-0.14492916151605634,-0.035121046341118005,0.08686868751630604,-0.08622471469112425,0.14716269724800596,-0.11090973487671739,0.028156037332238374,-0.10032567997737442,0.016074681539773684,0.026589415801878513,-0.017968792292887788,0
-0.06751571802601246,-0.017241044107467622,-0.04772339033815707,0.01198862804739644,-0.02317585012123527,-0.010447638118066033,-0.029146488949867006,-0.04899773136656063,0.027312433981229785,0.018603918993744358,-0.007535718319664088,0.0019013831740836383,0.011175105426777186,0.03419937467050072,0.067575508113966,-0.0003120348999122817,-0.03557721384648661,0.048432081815052916,-0.09778368388807258,0.06899327548915753,0
-0.09451505102891057,-0.05049109807832201,-0.03490273663117446,-0.015503741009608081,0.0011294539730563916,-0.02431031588757445,-0.0824235768729651,0.04346131116566482,0.026416955580285905,-0.03825308522868483,-0.002664195868902889,-0.0030447563293430806,0.1911468423121205,-0.001193238951935533,0.11041038202746015,-0.051743102549309895,0.023371121148068566,-0.047454248964245084,-0.1812840229496162,-0.16152892848852016,0
-0.10753193649522112,-0.04674040191711851,-0.060668614441083936,-0.07079356315195275,-0.0389759969915167,0.003511840324282489,-0.06487567192540451,-0.011752741316462268,0.05718239155103278,-0.017958621961459358,-0.008448278597786754,-0.0538217283709756,0.09383096100169554,0.040029982507250116,0.05897977787868792,0.00599028897524345,0.06737052820819836,0.059587485617670584,-0.09455522681454832,0.09645055137090439,0
-0.11248104298507093,-0.07643860555022904,-0.04657379485702291,-0.07060122736939081,0.012604414331950494,-0.04460382621137213,-0.021592612999238422,-0.0038426045028540265,0.0559792029543869,-0.15467329434735527,0.03209058496147733,-0.00628801979716909,0.3278168032456664,0.3931696361082571,-0.1617153513810698,0.18249168576808686,-0.056448358692406636,-0.22739581462048017,0.1795806488611901,-0.08444463672453886,0
-0.158635097610631,-0.1717538592987587,0.33162926909473917,0.21354732770395882,0.6896065807032037,-0.1005635038814519,0.11366341086140615,-0.19528267473711838,0.08328614730563152,0.06935312917645238,-0.060420111316591495,0.09508959235292597,0.06510783263577077,-0.06966914805282694,-0.027110764000974574,-0.08556642393839901,-0.0928224128566586,-0.09318289649021085,0.07062985088292761,0.06422328942275012,0
-0.14345335856921895,-0.18238818926803824,0.5154167560447057,0.30875729921929307,-0.3932771958125543,0.14680440547943951,0.020800176051122957,-0.024562235606652442,-0.0835910175932588,-0.07355145965228181,-0.015387015099438118,0.03082915752722181,-0.12672124920532174,0.02590750111710753,-0.083746898032079,0.10156690135972812,-0.05692471966844908,-0.07624425940641909,0.08959759927818423,-0.04815970202118831,0
-0.07531963722885787,-0.030809061325240892,0.18507869268616947,0.013510023793786491,0.034316262459427455,0.034776452262896905,0.04155651348967984,-0.1118022759317942,0.05271232398471624,0.03661821909809755,0.048694746817045935,0.02003438821217965,-0.04784795914843324,-0.09848173730945944,0.040953338899760106,0.6114540696602039,0.35084269811852364,0.4063732989599874,0.036849534110215756,-0.08063016181667249,0
-0.1464828107700271,-0.11986362091081586,0.02239147401270901,-0.049971858108873446,0.020337373405286074,0.02478668033522541,-0.13754589163989414,0.06157348767638175,0.057471579638644035,-0.03918120552746002,-0.01635206379687107,-0.09377031802504796,0.40574572537084996,0.022319938429287742,0.030663341453699172,-0.1492022873597551,0.11250780686640281,0.2850061732350995,-0.035300054131179245,-0.0013573458924733578,0
-0.07236169312259562,-0.0355825114513902,-0.06374263925523863,-0.060542502640745684,-0.06774735260080422,-0.21625280990344833,0.11246605299330112,-0.09876114020598215,-0.02494055635767285,-0.029829742652114452,-0.009410131464482161,-0.031159500294590407,-0.05000661975966182,0.14405737230326796,0.04642794380525808,-0.05828555855924642,-0.006078033716953469,0.026113038654211922,0.015063215542666696,0.09408909722244838,0
-0.19371170312645503,-0.1942439587180747,0.34402745822734737,0.1615301594097971,-0.22590338953717254,0.10307255732366936,-0.014979718581956658,0.01989427105192773,-0.07427013574020808,-0.04520194203729739,-0.0358755410986062,0.04462842290283935,-0.016679214212335477,0.01242155030834462,-0.004821371110628922,-0.11652226327897132,0.019177775749114487,-0.021289005657069118,-0.06356709589808464,0.03650027373898488,0
-0.09247712002136013,-0.08005206409551581,0.0899088726163282,0.03267193343213988,-0.13563775207041762,0.026878289833008533,-0.06539965221983467,0.040582780727073484,0.0025571628467381913,0.002209494982529378,-0.04639427103221355,-0.021244752237634116,0.14124850169183864,-0.055614624309894514,0.0386107764726688,-0.11495854575827917,0.01444641001415989,0.03642812229535912,-0.16575337940955578,0.03423132975712824,0
-0.06330444701593313,-0.04522548487396905,-0.037612984400195414,-0.057381446279639384,-0.07418670930339621,-0.1409970111106067,0.025001019091333503,-0.0008168407898957481,-0.020644330238933188,0.0568603122122316,0.003532347928354251,0.007351693162908166,0.06608853916502112,0.00042481705544539775,0.006552915113356086,0.011101728549467348,-0.05845639308092732,0.05225543123552932,0.09018766576634572,0.047291873986528864,0
-0.08601515634903141,-0.030795654178705605,-0.07479040423746694,-0.08967223162997834,-0.16410762753593783,-0.439073368685638,0.35842524854958335,-0.17269713452758967,-0.18900266564976062,0.018756003159961645,-0.06168437819462471,-0.14277764525141776,-0.026155656245273787,-0.19335676219801193,-0.09641676606026969,-0.002965183818905366,-0.003168336065603167,-0.0074081400347886656,0.025327282470255983,-0.06144222316378701,0
-0.09761783244138897,-0.07468769713991123,0.016232933644949602,-0.05358800954400768,-0.023122395558929507,0.04220133367465334,-0.0231860971009381,0.010960274101936117,0.05477180355213345,0.007087736132747017,0.012320864605476689,-0.04059586728405033,0.11506583907442518,-0.06897894311463632,0.05765142318370927,-0.03136907933443311,0.11621972104639501,-0.014887021288884193,0.024604314859690255,-0.013073478984182199,0
